{"cameraMode":{"drawMode":0,"name":"Shaded","section":"Shading Mode"},"sceneLighting":true,"audioPlay":false,"sceneViewState":{"m_AlwaysRefresh":false,"showFog":true,"showSkybox":true,"showFlares":true,"showImageEffects":true,"showParticleSystems":true,"showVisualEffectGraphs":true,"m_FxEnabled":true},"in2DMode":false,"pivot":{"x":1019.0850219726563,"y":666.53955078125,"z":-894.8424682617188},"rotation":{"x":-0.0162074975669384,"y":-0.013501055538654328,"z":0.00021906047186348587,"w":-0.9997797608375549},"size":233.34164428710938,"orthographic":false}