{"cameraMode":{"drawMode":0,"name":"Shaded","section":"Shading Mode"},"sceneLighting":false,"audioPlay":false,"sceneViewState":{"m_AlwaysRefresh":false,"showFog":true,"showSkybox":false,"showFlares":true,"showImageEffects":true,"showParticleSystems":true,"showVisualEffectGraphs":true,"m_FxEnabled":true},"in2DMode":false,"pivot":{"x":0.000700831413269043,"y":8.943024635314942,"z":-2.9070634841918947},"rotation":{"x":0.1434108018875122,"y":-0.18120023608207704,"z":0.026718944311141969,"w":0.9725724458694458},"size":1.5477102994918824,"orthographic":true}